{
  "data" : [
    {
      "type" : "template",
      "quickreplies" : [
        "PRD",
        "Neil",
        "Les"
      ]
    },
    {
      "id" : "function-getFixture",
      "type" : "function",
      "name" : "getFixture"
    },
    {
      "id" : "function-getScore",
      "type" : "function",
      "name" : "getScore"
    },
    {
      "id" : "function-getStatForPlayer",
      "type" : "function",
      "name" : "getStatForPlayer"
    },
    {
      "id" : "function-getStatForPlayerBetween",
      "type" : "function",
      "name" : "getStatForPlayerBetween"
    },
    {
      "id" : "function-getTopStats",
      "type" : "function",
      "name" : "getTopStats"
    },
    {
      "id" : "template-#MIC DROP#",
      "type" : "template",
      "template" : "#MIC DROP#"
    },
    {
      "id" : "template-#RAPS",
      "type" : "template",
      "template" : "#RAPS"
    },
    {
      "id" : "template-#RAPS#",
      "type" : "template",
      "template" : "#RAPS#"
    },
    {
      "id" : "template-#SPORTSBOT dishes the PAIN",
      "type" : "template",
      "template" : "#SPORTSBOT dishes the PAIN"
    },
    {
      "id" : "template-Hang your head in shame",
      "type" : "template",
      "template" : "Hang your head in shame"
    },
    {
      "id" : "template-I am grumpy what do you want?",
      "type" : "template",
      "template" : "I am grumpy what do you want?"
    },
    {
      "id" : "template-I couldn't find that player or stat.",
      "type" : "template",
      "template" : "I couldn't find that player or stat."
    },
    {
      "id" : "template-I couldn't find that result",
      "type" : "template",
      "template" : "I couldn't find that result"
    },
    {
      "id" : "template-I don't understand",
      "type" : "template",
      "template" : "I don't understand"
    },
    {
      "id" : "template-I have nothing to add",
      "type" : "template",
      "template" : "I have nothing to add"
    },
    {
      "id" : "template-Love you too!",
      "type" : "template",
      "template" : "Love you too!"
    },
    {
      "id" : "template-Nope",
      "type" : "template",
      "template" : "Nope"
    },
    {
      "id" : "template-Nothing to add",
      "type" : "template",
      "template" : "Nothing to add"
    },
    {
      "id" : "template-Pays the bills",
      "type" : "template",
      "template" : "Pays the bills"
    },
    {
      "id" : "template-Pick up your game",
      "type" : "template",
      "template" : "Pick up your game"
    },
    {
      "id" : "template-Shotclock is lame",
      "type" : "template",
      "template" : "Shotclock is lame"
    },
    {
      "id" : "template-Tarrah it's on {upcomingFixture}",
      "type" : "template",
      "template" : "Tarrah it's on {upcomingFixture}",
      "requirements" : [
        {
          "name" : "upcomingFixture",
          "negative" : false
        }
      ]
    },
    {
      "id" : "template-That's not very nice.",
      "type" : "template",
      "template" : "That's not very nice."
    },
    {
      "id" : "template-The score was {matchResult}",
      "type" : "template",
      "template" : "The score was {matchResult}",
      "requirements" : [
        {
          "name" : "matchResult",
          "negative" : false
        }
      ]
    },
    {
      "id" : "template-The {sentiment} {number} are {topTeamsResults}",
      "type" : "template",
      "template" : "The {sentiment} {number} are {topTeamsResults}",
      "requirements" : [
        {
          "name" : "number",
          "negative" : false
        },
        {
          "name" : "sentiment",
          "negative" : false
        },
        {
          "name" : "topTeamsResults",
          "negative" : false
        }
      ]
    },
    {
      "id" : "template-The {sentiment} {number} players for {statType} ; {topPlayerResults}",
      "type" : "template",
      "template" : "The {sentiment} {number} players for {statType} ; {topPlayerResults}",
      "requirements" : [
        {
          "name" : "number",
          "negative" : false
        },
        {
          "name" : "sentiment",
          "negative" : false
        },
        {
          "name" : "statType",
          "negative" : false
        },
        {
          "name" : "topPlayerResults",
          "negative" : false
        }
      ]
    },
    {
      "id" : "template-The {sentiment} {number} teams are {topTeamResults}",
      "type" : "template",
      "template" : "The {sentiment} {number} teams are {topTeamResults}",
      "requirements" : [
        {
          "name" : "number",
          "negative" : false
        },
        {
          "name" : "sentiment",
          "negative" : false
        },
        {
          "name" : "topTeamResults",
          "negative" : false
        }
      ]
    },
    {
      "id" : "template-The {sentiment} {number} teams for {statType} ; {topTeamResults}",
      "type" : "template",
      "template" : "The {sentiment} {number} teams for {statType} ; {topTeamResults}",
      "requirements" : [
        {
          "name" : "number",
          "negative" : false
        },
        {
          "name" : "sentiment",
          "negative" : false
        },
        {
          "name" : "statType",
          "negative" : false
        },
        {
          "name" : "topTeamResults",
          "negative" : false
        }
      ]
    },
    {
      "id" : "template-Top {number} players are {topPlayerResults}",
      "type" : "template",
      "template" : "Top {number} players are {topPlayerResults}",
      "requirements" : [
        {
          "name" : "number",
          "negative" : false
        },
        {
          "name" : "topPlayerResults",
          "negative" : false
        }
      ]
    },
    {
      "id" : "template-it's odd that you are asking me",
      "type" : "template",
      "template" : "it's odd that you are asking me"
    },
    {
      "id" : "template-me of course",
      "type" : "template",
      "template" : "me of course"
    },
    {
      "id" : "template-value is {betweenstat}",
      "type" : "template",
      "template" : "value is {betweenstat}",
      "requirements" : [
        {
          "name" : "betweenstat",
          "negative" : false
        }
      ]
    },
    {
      "id" : "template-{playerName} has {careerStat} {statType}",
      "type" : "template",
      "template" : "{playerName} has {careerStat} {statType}",
      "requirements" : [
        {
          "name" : "careerStat",
          "negative" : false
        },
        {
          "name" : "playerName",
          "negative" : false
        },
        {
          "name" : "statType",
          "negative" : false
        }
      ]
    }
  ]
}