{
  "data" : {
    "lookups" : [
      "free-text",
      "keywords"
    ],
    "name" : "fsa_team",
    "lang" : "en",
    "exotic" : false,
    "id" : "fsa_team",
    "values" : [
      {
        "value" : "Broncos",
        "expressions" : [
          "Brisbane",
          "Broncos"
        ]
      },
      {
        "value" : "Bulldogs",
        "expressions" : [
          "Bankstown",
          "Bulldog",
          "Bulldogs",
          "Canterbury",
          "Doggies"
        ]
      },
      {
        "value" : "Cowboys",
        "expressions" : [
          "Cowboys",
          "NQ Cowboys",
          "North Qld",
          "North Queensland",
          "Nth Qld"
        ]
      },
      {
        "value" : "Dragons",
        "expressions" : [
          "Dragons",
          "St George",
          "St George Illawarra"
        ]
      },
      {
        "value" : "Eels",
        "expressions" : [
          "Eels",
          "Parra",
          "Parramatta"
        ]
      },
      {
        "value" : "Rabbitohs",
        "expressions" : [
          "Bunnies",
          "Rabbitohs",
          "Rabbits",
          "Rabitohs",
          "Soouths",
          "Souffs",
          "South Sydney"
        ]
      },
      {
        "value" : "Raiders",
        "expressions" : [
          "Canberra",
          "Canberra Raiders",
          "Raiders"
        ]
      },
      {
        "value" : "Roosters",
        "expressions" : [
          "Easts",
          "Roosters",
          "Sydney Roosters"
        ]
      },
      {
        "value" : "Sea Eagles",
        "expressions" : [
          "Manly",
          "Many Warringah",
          "Sea Eagles",
          "Seagles"
        ]
      },
      {
        "value" : "Sharks",
        "expressions" : [
          "Cronulla",
          "sharks"
        ]
      },
      {
        "value" : "Storm",
        "expressions" : [
          "Melbourne",
          "storm"
        ]
      },
      {
        "value" : "Titans",
        "expressions" : [
          "GC",
          "Gold Coast",
          "Titans"
        ]
      },
      {
        "value" : "Warriors",
        "expressions" : [
          "Warriors"
        ]
      },
      {
        "value" : "dogs",
        "metadata" : "",
        "expressions" : [
          "dogs"
        ]
      },
      {
        "value" : "eagles",
        "expressions" : [
          "eagles"
        ]
      },
      {
        "value" : "rabbits",
        "expressions" : [
          "rabbits"
        ]
      }
    ],
    "doc" : "User-defined entity",
    "builtin" : false
  }
}