{
  "data" : {
    "lookups" : [
      "free-text",
      "keywords",
      "trait"
    ],
    "name" : "intent",
    "lang" : "en",
    "exotic" : false,
    "id" : "intent",
    "values" : [
      {
        "value" : ""
      },
      {
        "value" : "botGreeting",
        "expressions" : [
          "Hello",
          "good morning"
        ]
      },
      {
        "value" : "botHate",
        "expressions" : [
          "Hate"
        ]
      },
      {
        "value" : "botLove",
        "expressions" : [
          "Love"
        ]
      },
      {
        "value" : "getCareerStat"
      },
      {
        "value" : "getFairest"
      },
      {
        "value" : "getScore"
      },
      {
        "value" : "getStatBetween"
      },
      {
        "value" : "getTopPlayers",
        "expressions" : [
          "players"
        ]
      },
      {
        "value" : "getTopTeams"
      },
      {
        "value" : "getUpcomingMatch"
      },
      {
        "value" : "getWinner"
      },
      {
        "value" : "sasJards"
      }
    ],
    "doc" : "User-defined entity",
    "builtin" : false
  }
}