{
  "data" : {
    "lookups" : [
      "free-text",
      "keywords"
    ],
    "name" : "statType",
    "lang" : "en",
    "exotic" : false,
    "id" : "statType",
    "values" : [
      {
        "value" : "Attacking Kicks",
        "expressions" : [
          "Attacking Kicks",
          "attacking kicks"
        ]
      },
      {
        "value" : "Bombs caught",
        "expressions" : [
          "Bombs caught"
        ]
      },
      {
        "value" : "Bombs dropped",
        "expressions" : [
          "Bombs dropped"
        ]
      },
      {
        "value" : "Charged down",
        "expressions" : [
          "Charged down"
        ]
      },
      {
        "value" : "Charges down",
        "expressions" : [
          "Charges down"
        ]
      },
      {
        "value" : "Drop Outs",
        "expressions" : [
          "Drop Outs"
        ]
      },
      {
        "value" : "Dummy Half Runs",
        "expressions" : [
          "Dummy Half Runs"
        ]
      },
      {
        "value" : "Effective Offloads",
        "expressions" : [
          "Effective Offloads"
        ]
      },
      {
        "value" : "Errors",
        "expressions" : [
          "Errors"
        ]
      },
      {
        "value" : "Fantasy Points",
        "expressions" : [
          "Fantasy Points",
          "Fantasy points"
        ]
      },
      {
        "value" : "Field Goal Attempts",
        "expressions" : [
          "Field Goal Attempts"
        ]
      },
      {
        "value" : "Field Goal Misses",
        "expressions" : [
          "Field Goal Misses"
        ]
      },
      {
        "value" : "Field Goal Percentage",
        "expressions" : [
          "Field Goal Percentage"
        ]
      },
      {
        "value" : "Field goals",
        "expressions" : [
          "Field goals"
        ]
      },
      {
        "value" : "Games",
        "expressions" : [
          "Games",
          "fixtures",
          "matches"
        ]
      },
      {
        "value" : "General Play Pass",
        "expressions" : [
          "General Play Pass"
        ]
      },
      {
        "value" : "Goal Attempts",
        "expressions" : [
          "Goal Attempts"
        ]
      },
      {
        "value" : "Goal Percentage",
        "expressions" : [
          "Goal Percentage"
        ]
      },
      {
        "value" : "Goals misses",
        "expressions" : [
          "Goals misses"
        ]
      },
      {
        "value" : "In Goal Escapes",
        "expressions" : [
          "In Goal Escapes"
        ]
      },
      {
        "value" : "Ineffective tackles",
        "expressions" : [
          "Ineffective tackles"
        ]
      },
      {
        "value" : "Intercept",
        "expressions" : [
          "Intercept"
        ]
      },
      {
        "value" : "Intercepted",
        "expressions" : [
          "Intercepted"
        ]
      },
      {
        "value" : "Interchanges off",
        "expressions" : [
          "Interchanges off",
          "interchanges off"
        ]
      },
      {
        "value" : "Interchanges on",
        "expressions" : [
          "Interchanges on",
          "interchanges on"
        ]
      },
      {
        "value" : "Kick errors",
        "expressions" : [
          "Kick errors"
        ]
      },
      {
        "value" : "Kick metres",
        "expressions" : [
          "Kick metres"
        ]
      },
      {
        "value" : "Kick return metres",
        "expressions" : [
          "Kick return metres"
        ]
      },
      {
        "value" : "Kick returns",
        "expressions" : [
          "Kick returns",
          "kick return"
        ]
      },
      {
        "value" : "Kicks",
        "expressions" : [
          "Kicks"
        ]
      },
      {
        "value" : "Kicks 40 20",
        "expressions" : [
          "Kicks 40 20"
        ]
      },
      {
        "value" : "Kicks Dead",
        "expressions" : [
          "Kicks Dead"
        ]
      },
      {
        "value" : "LBAssists",
        "expressions" : [
          "LBAssists"
        ]
      },
      {
        "value" : "LBCauses",
        "expressions" : [
          "LBCauses"
        ]
      },
      {
        "value" : "Last Touch Try Assists",
        "expressions" : [
          "Last Touch Try Assists"
        ]
      },
      {
        "value" : "Line Engagements",
        "expressions" : [
          "Line Engagements"
        ]
      },
      {
        "value" : "Linebreaks",
        "expressions" : [
          "Linebreaks",
          "line breaks"
        ]
      },
      {
        "value" : "Long Kicks",
        "expressions" : [
          "Long Kicks",
          "long kicks"
        ]
      },
      {
        "value" : "Metres Per Run",
        "expressions" : [
          "Metres Per Run"
        ]
      },
      {
        "value" : "Mins Played",
        "expressions" : [
          "Mins Played"
        ]
      },
      {
        "value" : "Missed tackles",
        "expressions" : [
          "Missed tackles"
        ]
      },
      {
        "value" : "Offloads",
        "expressions" : [
          "Offloads"
        ]
      },
      {
        "value" : "One Pass Runs",
        "expressions" : [
          "One Pass Runs"
        ]
      },
      {
        "value" : "Penalties conceded",
        "expressions" : [
          "Penalties conceded"
        ]
      },
      {
        "value" : "Play The Balls",
        "expressions" : [
          "Play The Balls"
        ]
      },
      {
        "value" : "Points",
        "expressions" : [
          "Points"
        ]
      },
      {
        "value" : "Run Metres",
        "expressions" : [
          "Run Metres"
        ]
      },
      {
        "value" : "Runs",
        "expressions" : [
          "Runs"
        ]
      },
      {
        "value" : "Runs 7 Less Metres",
        "expressions" : [
          "Runs 7 Less Metres"
        ]
      },
      {
        "value" : "Runs 8 Plus Metres",
        "expressions" : [
          "Runs 8 Plus Metres"
        ]
      },
      {
        "value" : "Send offs",
        "expressions" : [
          "Send offs"
        ]
      },
      {
        "value" : "Sin Bins",
        "expressions" : [
          "Sin Bins"
        ]
      },
      {
        "value" : "Starts",
        "expressions" : [
          "Starts"
        ]
      },
      {
        "value" : "Steals 1 on 1",
        "expressions" : [
          "Steals 1 on 1"
        ]
      },
      {
        "value" : "Stolen 1 on 1",
        "expressions" : [
          "Stolen 1 on 1"
        ]
      },
      {
        "value" : "Tackle Efficiency Percentage",
        "expressions" : [
          "Tackle Efficiency Percentage"
        ]
      },
      {
        "value" : "Tackle busts",
        "expressions" : [
          "Tackle busts",
          "tackle busts"
        ]
      },
      {
        "value" : "Tackled Opp 20",
        "expressions" : [
          "Tackled Opp 20",
          "tackled opp 20"
        ]
      },
      {
        "value" : "Tackled Opp Half",
        "expressions" : [
          "Tackled Opp Half",
          "tackled opp half"
        ]
      },
      {
        "value" : "Tackles",
        "expressions" : [
          "Tackles"
        ]
      },
      {
        "value" : "Tackles 1 on 1",
        "expressions" : [
          "Tackles 1 on 1"
        ]
      },
      {
        "value" : "Tries",
        "expressions" : [
          "tres",
          "tri",
          "tries",
          "trys"
        ]
      },
      {
        "value" : "Try Causes",
        "expressions" : [
          "Try Causes",
          "try causes"
        ]
      },
      {
        "value" : "Try Contributions",
        "expressions" : [
          "Try Contributions"
        ]
      },
      {
        "value" : "Try Involvements",
        "expressions" : [
          "Try Involvements"
        ]
      },
      {
        "value" : "Try assists",
        "expressions" : [
          "Try assists"
        ]
      },
      {
        "value" : "Twenty Metre Restarts",
        "expressions" : [
          "Twenty Metre Restarts"
        ]
      },
      {
        "value" : "Weighted Kicks",
        "expressions" : [
          "Weighted Kicks",
          "weighted kicks"
        ]
      },
      {
        "value" : "Wins",
        "expressions" : [
          "Wins"
        ]
      },
      {
        "value" : "forced drop outs",
        "expressions" : [
          "forced drop outs"
        ]
      },
      {
        "value" : "goals",
        "expressions" : [
          "goals"
        ]
      },
      {
        "value" : "intercepts",
        "expressions" : [
          "intercepts"
        ]
      },
      {
        "value" : "metres",
        "expressions" : [
          "metres"
        ]
      },
      {
        "value" : "minutes",
        "expressions" : [
          "minutes"
        ]
      },
      {
        "value" : "possessions",
        "expressions" : [
          "possessions"
        ]
      },
      {
        "value" : "steals",
        "expressions" : [
          "steals"
        ]
      },
      {
        "value" : "try",
        "expressions" : [
          "try"
        ]
      }
    ],
    "doc" : "User-defined entity",
    "builtin" : false
  }
}